phi_deg;plano_z;Line_A_y;Line_B_z;Line_C;YB;ZB;KN;SZ;S;Volumen_Calculado;Volumen_Error_%;GZ_5.0;GZ_lin_5.0;Error_Lin_5.0_%;GZ_5.15;GZ_lin_5.15;Error_Lin_5.15_%;GZ_5.3;GZ_lin_5.3;Error_Lin_5.3_%
0,0;4,699999670677884;0,0;1,0;-4,699999670677884;2,3415441323720928e-18;2,884640468299585;2,3415441323720928e-18;2,3415441323720928e-18;1092,4186242747992;2281,743999999787;9,347083089327798e-12;2,3415441323720928e-18;0,0;0,0;2,3415441323720928e-18;0,0;0,0;2,3415441323720928e-18;0,0;0,0
0,5;4,69970300631392;0,008726535498373935;0,9999619230641713;-4,69970300631392;-0,043554995413117;2,8848305073047324;0,06872791280113846;0,01636869981089485;1092,1719781557308;2281,743999999747;1,1100906781994848e-11;0,025095235309268785;0,02509729927978913;0,008224551373632245;0,023786254984512693;0,02378830234079338;0,008607308220735452;0,02247727465975661;0,022479305401797635;0,009034645310722577
1,0;4,6988121194528825;0,01745240643728351;0,9998476951563913;-4,6988121194528825;-0,08710063992943673;2,8854005516992784;0,13744455724271193;0,03273011861901086;1091,9427401776784;2281,743999999781;9,606170680289975e-12;0,05018252505629437;0,05019459855957826;0,02405917850953924;0,04756466409070184;0,04757660468158676;0,025103910882561108;0,04494680312510932;0,04495861080359527;0,026270341080952744
1,5;4,697339798892869;0,026176948307873153;0,9996573249755573;-4,697339798892869;-0,13064677024221355;2,886350741173377;0,2061578550071143;0,04909616515987539;1091,8409135220368;2281,7439999998096;8,350592354857883e-12;0,07527311346774854;0,07529189783936739;0,024954955034380156;0,07134657122156755;0,07136490702238014;0,02569962438089574;0,0674200289753866;0,06743791620539291;0,026531032807541433
2,0;4,695289087296817;0,03489949670250097;0,9993908270190958;-4,695289087296817;-0,17418699162784787;2,8876810072905994;0,2748594954107361;0,06546251519573032;1091,744925290638;2281,7439999998214;7,832417172933527e-12;0,1003620118982313;0,10038919711915652;0,027087162175253948;0,09512708739285614;0,09515320936317352;0,02746007581364008;0,089892162887481;0,08991722160719054;0,027876423154822416
2,5;4,692656792099153;0,043619387365336;0,9990482215818578;-4,692656792099153;-0,2177029504986596;2,8893907475422105;0,34352919979567054;0,08181287560365452;1091,5985506574787;2281,744000000159;6,9555053266000034e-12;0,12543226296899052;0,12548649639894563;0,04323722515356482;0,11888935486419011;0,11894151170396688;0,04387006711942666;0,11234644675938973;0,11239652700898818;0,044576620839378175
3,0;4,6894462126578516;0,052335956242943835;0,9986295347545738;-4,6894462126578516;-0,2611915230758593;2,891479641972801;0,41216192119073536;0,09814618373307238;1091,3413246555808;2281,7439999998305;7,433820879145563e-12;0,15048213997601623;0,15058379567873478;0,06755333405994751;0,1426317465395746;0,1427298140447603;0,06875573465579662;0,13478135310313308;0,13487583241078582;0,07009820385201995
3,5;4,685656802394515;0,06104853953485687;0,9981347984218669;-4,685656802394515;-0,30463816921429476;2,893946700158323;0,48074117715670067;0,11444993994755942;1091,017765651719;2281,7439999998387;7,075084214736393e-12;0,1754984794824163;0,1756810949585239;0,10405530386713088;0,16634119855218774;0,16651811638555367;0,10635839762235717;0,15718391762195924;0,15735513781258345;0,10892984041535965
4,0;4,681289120189234;0,0697564737441253;0,9975640502598242;-4,681289120189234;-0,3480335727248053;2,8967909679227932;0,5492557035298795;0,1307168610651277;1090,8258215321612;2281,743999999787;9,347083089327798e-12;0,200473334809253;0,20077839423831303;0,1521695787373881;0,19000986374763418;0,19030641872634704;0,15607346527375088;0,1795463926860154;0,17983444321438108;0,16043236739899397
4,5;4,676339826699557;0,07845909572784494;0,996917333733128;-4,676339826699557;-0,3913772258610502;2,90001193558669;0,6177030545553555;0,14694848018828577;1090,5312814762;2281,7439999997905;9,18764457181261e-12;0,2254075759161307;0,22587569351810216;0,20767607302854774;0,21363871155695394;0,2140947210671404;0,21344891422680592;0,20186984719777723;0,20231374861617873;0,21989486025944355
5,0;4,670811702871148;0,08715574274765817;0,9961946980917455;-4,670811702871148;-0,43465513559341723;2,9036080218686626;0,6860672553705327;0,16313279888458365;1090,0955006735135;2281,743999999799;8,808978092714044e-12;0,2502885416322418;0,25097299279789126;0,2734648422919649;0,23721518022009308;0,23788302340793377;0,28153475979954157;0,22414181880794437;0,22479305401797636;0,29054605405428685
5,5;4,664705681823919;0,09584575252022398;0,9953961983671789;-4,664705681823919;-0,47785682607429986;2,907577667376371;0,75433583757885;0,17926132245750614;1089,619116923032;2281,7439999998087;8,39045198423668e-12;0,2751070749777301;0,2760702920776804;0,35012443792231035;0,2607302120996965;0,26167132574872715;0,3609530485369292;0,24635334922166297;0,247272359419774;0,3730455465755092
6,0;4,65802502543518;0,10452846326765347;0,9945218953682733;-4,65802502543518;-0,5209774560351506;2,911919652314362;0,8225019734355192;0,1953311938295984;1089,0944362543173;2281,7439999998137;8,171224022653299e-12;0,2998596570972519;0,30116759135746957;0,43618213696332486;0,28418038760710385;0,2854596280895206;0,45015086832289003;0,2685011181169559;0,26975166482157165;0,4657510230817923
6,5;4,650773262054735;0,11320321376790672;0,9935718556765875;-4,650773262054735;-0,5640120337787672;2,916632672106864;0,8905586748884702;0,21133939228102983;1088,5386569184925;2281,743999999822;7,812487358244129e-12;0,32454260604893653;0,32626489063725866;0,5306805812924406;0,3075621239837505;0,30924793043031396;0,5481190026677445;0,29058164191856456;0,2922309702233693;0,5675954936158584
7,0;4,642949188896196;0,12186934340514748;0,992546151641322;-4,642949188896196;-0,6069629996808602;2,921716230634673;0,9585064281655208;0,22729036773463596;1088,230082380213;2281,743999999769;1,0124345862214331e-11;0,34915971113978345;0,3513621899170478;0,6307940770356022;0,33087930962901124;0,33303623277110733;0,6518761008400547;0,3125989081182392;0,3147102756251669;0,6754238265378334
7,5;4,6345488990115555;0,13052619222005157;0,9914448613738104;-4,6345488990115555;-0,6498318540030246;2,9271698078732893;1,0263447814115152;0,24318762809120575;1087,7911564606566;2281,7439999997605;1,0503012341312899e-11;0,3737138203112573;0,3764594891968369;0,7346982467206555;0,35413489147824956;0,35682453511190065;0,7594969313596396;0,3345559626452419;0,3371895810269645;0,7871981598831198
8,0;4,625577132401237;0,13917310096006544;0,9902680687415704;-4,625577132401237;-0,692607891449708;2,932991337488555;1,0940609785883657;0,259022372827973;1087,2835968482577;2281,7439999997564;1,0682380673517483e-11;0,39819547378803843;0,40155678847662607;0,8441368397815795;0,3773195086440286;0,3806128374526941;0,8728222986669119;0,35644354350001883;0,35966888642876216;0,904867822004231
8,5;4,616036470038769;0,14780941112961063;0,9890158633619168;-4,616036470038769;-0,735283921325992;2,9391790304986625;1,161645783968869;0,27478931719120525;1086,7484826531243;2281,7439999997505;1,094146826447966e-11;0,4225987283208159;0,4266540877564152;0,9596241455134451;0,4004273166513742;0,40440113979348746;0,9923956175979373;0,37825590498193273;0,38214819183055987;1,0290088792699876
9,0;4,60592928700039;0,15643446504023087;0,9876883405951378;-4,60592928700039;-0,7778547585569634;2,945731271922387;1,2290919713786161;0,2904851811372309;1086,2102301023938;2281,7439999997464;1,1120836596684246e-11;0,4469196461774617;0,4517513870362043;1,0811207115348047;0,4234544764214271;0,4281894421342808;1,1181758551399523;0,3999893066653925;0,40462749723235747;1,1595786411472742
9,5;4,595258664693519;0,16504760586067765;0,9862856015372314;-4,595258664693519;-0,8203194541676126;2,9526470540430325;1,2963965935277826;0,3061109583637167;1085,6703326935767;2281,7439999997387;1,1459643446404016e-11;0,4711585642243944;0,4768486863159935;1,2076872890904513;0,44640142334529265;0,4519777444750742;1,2491718973459167;0,4216442824661911;0,4271068026341551;1,2955281015584519
10,0;4,584028582770304;0,17364817766693033;0,984807753012208;-4,584028582770304;-0,8626814727612928;2,959926150004911;1,3635611847323568;0,3216721187307747;1085,1217607038288;2281,7439999997227;1,2157186960532957e-11;0,49532029639770503;0,5019459855957825;1,337657521055337;0,46927306974766547;0,47576604681586754;1,3836244793875403;0,44322584309762597;0,4495861080359527;1,4349941541937181
10,5;4,572239733554381;0,18223552549214747;0,9832549075639546;-4,572239733554381;-0,9049356687923666;2,9675669204510156;1,4305785545512686;0,3371654015983838;1084,5627562684192;2281,743999999707;1,2854730474661896e-11;0,5194009270905313;0,5270432848755717;1,471379311517546;0,4920655982667091;0,49955434915666097;1,5219009246594049;0,4647302694428871;0,4720654134377504;1,5783658774059566
11,0;4,5598924430807575;0,1908089953765448;0,981627183447664;-4,5598924430807575;-0,9470777129559101;2,9755678055360146;1,4974423315240823;0,3525883592648136;1084,0147335688252;2281,7439999996923;1,3492484544722642e-11;0,5433973546413584;0,5521405841553608;1,608993757390103;0,5147760053348767;0,5233426514974543;1,6641502466698654;0,48615465602839497;0,494544718839548;1,7258011842764227
11,5;4,546989337277053;0,1993679344171972;0,9799247046208296;-4,546989337277053;-0,9891103360723603;2,983928588239816;1,5641533329989126;0,36794572649572954;1083,5152679026403;2281,7439999996504;1,5326027496147285e-11;0,5673136609129268;0,5772378834351499;1,749336073848985;0,537408470750347;0,5471309538382477;1,8091421362089521;0,5075032805877676;0,5170240242413456;1,87599647485067
12,0;4,533530132246449;0,20791169081775934;0,9781476007338057;-4,533530132246449;-1,0310356390623507;2,9926490374184516;1,6307117580136947;0,3832416131071388;1083,0403149225863;2281,7439999996104;1,7079851188814333e-11;0,5911533039248982;0,6023351827149391;1,891536208255978;0,5599665503022342;0,5709192561790412;1,9559571676014211;0,5287797966795704;0,5395033296431433;2,0279770579190846
12,5;4,519512691396106;0,21643961393810288;0,9762960071199334;-4,519512691396106;-1,072841880453629;3,0017260275665225;1,6971036667123722;0,3984659830837549;1082,5639036008529;2281,74400000036;1,5764483419314046e-11;0,6149055970218578;0,6274324819947282;2,0372045779939745;0,5824396549311422;0,5947075585198345;2,106296074593784;0,549973712840427;0,561982635044941;2,183544762983671
13,0;4,50493692996561;0,224951054343865;0,9743700647852352;-4,50493692996561;-1,1145249030271243;3,011157902897253;1,7633228470198956;0,41361652095670554;1082,0986947729389;2281,7440000003085;1,351241435941204e-11;0,6385675753005705;0,6525297812745173;2,1864884021671283;0,6048249171489907;0,6184958608606279;2,260314237065333;0,571082258997411;0,5844619404467386;2,342864138839972
13,5;4,489805528565998;0,2334453638559054;0,9723699203976766;-4,489805528565998;-1,156088446633422;3,020944792949488;1,8293711872043101;0,42869900406887784;1081,6424896541585;2281,7440000002316;1,0144275676903729e-11;0,6621443679247833;0,6776270805543064;2,338268416908431;0,6271275633463973;0,6422841632014212;2,4168288464546572;0,5921107587680117;0,6069412458485361;2,504681237574852
14,0;4,474117839242921;0,24192189559966773;0,9702957262759965;-4,474117839242921;-1,1975284919978566;3,0310850750040865;1,8952426249481087;0,44371125135010225;1081,2095581487401;2281,744000000141;6,17824255371347e-12;0,68563314694977;0,7027243798340956;2,4927664247798975;0,6493448626098197;0,6660724655422147;2,5760738084789128;0,6130565782698697;0,6294205512503338;2,6692435185420393
14,5;4,457871218229448;0,25038000405444144;0,9681476403781077;-4,457871218229448;-1,2388363019164372;3,0415758907701655;1,9609262263780654;0,4586462020514168;1080,8011193396815;2281,7440000000383;1,6741044339094562e-12;0,7090262061058583;0,7278216791138848;2,650885516807026;0,671469205497692;0,689860767883008;2,739003104644871;0,6339122048895258;0,6518998566521315;2,8375619879002665
15,0;4,441066755905247;0,25881904510252074;0,9659258262890683;-4,441066755905247;-1,2800139742305268;3,0524170415473026;2,02642221966811;0,47350794905298565;1080,4181666713669;2281,7440000000006;1,992981468939829e-14;0,7323269941555064;0,7529189783936738;2,8118565070666808;0,6935041373901282;0,7136490702238013;2,90480355452309;0,6546812806247502;0,674379162053929;3,0087741947320548
15,5;4,423704710478019;0,26723837607825685;0,963630453208623;-4,423704710478019;-1,3210628857560172;3,063608228848232;2,0917301153355483;0,48829985886600724;1080,0620705047531;2281,744;0,0;0,7555382349442641;0,7780162776734629;2,9751032693741895;0,7154524785325255;0,7374373725645947;3,0728657306719787;0,6753667221207871;0,6968584674557267;3,1822333898020894
16,0;4,40577883410917;0,27563735581699916;0,9612616959383189;-4,40577883410917;-1,3619661785497548;3,0751441127600634;2,156830510600764;0,503006375698769;1079,7287447693348;2281,7439999999997;1,992981468939829e-14;0,7786437315157682;0,8031135769532521;3,142624084297075;0,7372981281432183;0,7612256749053882;3,245301438975312;0,6959525247706685;0,7193377728575243;3,360178640714289
16,5;4,387289835570456;0,28401534470392265;0,958819734868193;-4,387289835570456;-1,4027206533613452;3,087022922331012;2,2217181243448167;0,5176260561212809;1079,4292297768734;2281,7440000000006;1,992981468939829e-14;0,8016414008252035;0,8282108762330412;3,3143841349121064;0,759039099119615;0,7850139772461815;3,422073797870747;0,7164367974140268;0,741817078259322;3,5425708083260288
17,0;4,36824294127731;0,29237170472273677;0,9563047559630354;-4,36824294127731;-1,4433200320772335;3,0992419077829925;2,2863844509788396;0,532154222642419;1079,1805836886674;2281,7439999999997;1,992981468939829e-14;0,8245259273651557;0,8533081755128304;3,4907632607322476;0,7806701716567451;0,8088022795869749;3,603584324289936;0,7368144159483347;0,7642963836611197;3,7298357792597834
17,5;4,348635754588469;0,3007057995042731;0,9537169507482269;-4,348635754588469;-1,4837551662321977;3,1117973045121428;2,3508179491444663;0,5465831521188276;1078,9524870111825;2281,7439999999997;1,992981468939829e-14;0,8472889516231007;0,8784054747926194;3,672480693854284;0,8021830816974596;0,8325905819277682;3,7905935595107416;0,7570772117718187;0,7867756890629172;3,922780507630637
18,0;4,328466759908354;0,3090169943749474;0,9510565162951535;-4,328466759908354;-1,5240249511941284;3,124687724157184;2,4150154697089268;0,5609135034592425;1078,75374058413;2281,744;0,0;0,86993049783419;0,9035027740724086;3,859190627504314;0,8235779486779478;0,8563788842685616;3,9827360170664674;0,7772253995217058;0,8092549944647149;4,121017527569191
18,5;4,307736786746114;0,31730465640509214;0,9483236552061993;-4,307736786746114;-1,5641352247901257;3,1379140752889487;2,4789811810980042;0,5751532426674513;1078,5841820290348;2281,744;0,0;0,8924578990725434;0,9286000733521977;4,049734370351129;0,8448622006117794;0,880167186609355;4,178786312372672;0,7972665021510158;0,8317342998665126;4,323246696368539
19,0;4,28644370138049;0,3255681544571567;0,9455185755993168;-4,28644370138049;-1,6040840783944774;3,151474844686604;2,542711141947861;0,589302215204921;1078,4315608295087;2281,7440000000006;1,992981468939829e-14;0,9148703696620777;0,953697372631987;4,243989559335128;0,8660351464935041;0,9039554889501484;4,378614725993544;0,8171999233249307;0,8542136052683102;4,529330080304268
19,5;4,264584606697942;0,3338068592337709;0,9426414910921784;-4,264584606697942;-1,643867913713062;3,165367947883857;2,6061996343434264;0,6033584789408009;1078,3076975990416;2281,7439999999997;1,992981468939829e-14;0,9371653381745717;0,9787946719117759;4,442047954770781;0,8870943092895061;0,9277437912909416;4,582317976314456;0,8370232804044405;0,8766929106701078;4,739370002528406
20,0;4,242159590162663;0,3420201433256687;0,9396926207859084;-4,242159590162663;-1,6834911822196525;3,179594126658961;2,6694494800073048;0,6173286200532924;1078,2109822145421;2281,7440000000006;1,992981468939829e-14;0,959348763378961;1,003891971191565;4,643067204852236;0,9080457418801107;0,9515320936317351;4,7890045342413945;0,8567427203812605;0,8991722160719055;4,952419749976199
20,5;4,21916771187649;0,35020738125946743;0,9366721892483976;-4,21916771187649;-1,722955388588753;3,1941532138812905;2,7324604281816294;0,6312161406248249;1078,1380315007846;2281,7439999999997;1,992981468939829e-14;0,9814235218842924;1,0289892704713544;4,846607761727344;0,9288924146953721;0,9753203959725285;4,998208677630591;0,8763613075064521;0,9216515214737031;5,167984206892603
21,0;4,195607317856647;0,35836794954530027;0,9335804264972017;-4,195607317856647;-1,7622599368140843;3,209044351287537;2,7952300275806676;0,645022330308866;1078,0937835437855;2281,7439999999997;1,992981468939829e-14;1,0033902798541663;1,0540865697511435;5,052499602083589;0,9496350874223711;0,9991086983133219;5,209749676082296;0,8958798949905763;0,9441308268755008;5,385870601039888
21,5;4,171478073226822;0,3665012267242973;0,9304175679820246;-4,171478073226822;-1,8014079728500398;3,224268171947286;2,857759865349351;0,6587525050035672;1078,0777312775076;2281,7439999999997;1,992981468939829e-14;1,0252537317278645;1,0791838690309326;5,260174689847689;0,9702785477192197;1,0228970006541154;5,423025486710279;0,9153033637105754;0,9666101322772984;5,60543865574021
22,0;4,146778791773477;0,374606593415912;0,9271838545667874;-4,146778791773477;-1,8404000574946435;3,239824415425779;2,9200488067811703;0,6724092462856981;1078,074912016668;2281,744;0,0;1,04701583970161;1,1042811683107217;5,469385126535592;0,9908248506892232;1,0466853029949086;5,6377726362866785;0,9346338616768366;0,989089437679096;5,826407348922714
22,5;4,121506229289116;0,3826834323650898;0,9238795325112867;-4,121506229289116;-1,8792305439930475;3,2557103675855186;2,982089054719462;0,6859884605289235;1078,0943074714917;2281,744;0,0;1,0686718928940133;1,1293784675905107;5,680562490709959;1,0112693780392497;1,070473605335702;5,8544467559418685;0,9538668631844864;1,0115687430808935;6,049259296393758
23,0;4,0956672203572895;0,39073112848927377;0,9205048534524404;-4,0956672203572895;-1,917887150551593;3,2719203860337096;3,0438655752188244;0,6994788042831819;1078,2427320125098;2281,744;0,0;1,0902099327724557;1,1544757668702998;5,894812748074408;1,0316002634990644;1,0942619076764954;6,074217542838759;0,9729905942256736;1,0340480484826913;6,275235816190855
23,5;4,069271358321714;0,3987490689252462;0,917060074385124;-4,069271358321714;-1,9563532329946507;3,2884466780378614;3,1053584924515683;0,7128640789000911;1078,407524086449;2281,744;0,0;1,1116131478253373;1,1795730661500892;6,11363030904256;1,0518007874865503;1,1180502100172889;6,298666374746917;0,9919884271477635;1,056527353884489;6,506016095600281
24,0;4,042320428757236;0,4067366430758002;0,9135454576426009;-4,042320428757236;-1,9946251060810767;3,305286663638668;3,166561907331862;0,7261420488770605;1078,5745909080092;2281,744;0,0;1,1328786919528606;1,2046703654298783;6,33710157909872;1,0718681954914904;1,1418385123580823;6,527884413485001;1,0108576990301206;1,0790066592862866;6,741696711767872
24,5;4,014816052424558;0,414693242656239;0,9099612708765432;-4,014816052424558;-2,032702359368584;3,322439176917199;3,2274734980487034;0,7393140421112694;1078,7511595276742;2281,7439999999997;1,992981468939829e-14;1,1540072847675085;1,2297676647096674;6,564982816154573;1,0918032983690724;1,1656268146988755;6,761613235651525;1,0295993119706368;1,1014859646880841;6,98200279289789
25,0;3,986758461301352;0,42261826174069944;0,9063077870366499;-3,986758461301352;-2,070585709199394;3,3399036027790485;3,2880922069621965;0,752382636518;1078,9348152170242;2281,744;0,0;1,1750008982586995;1,2548649639894565;6,796936568228339;1,1116081589975944;1,189415117039669;6,999495047988667;1,0482154197364897;1,123965270089882;7,226553714734985
25,5;3,9581468220741414;0,43051109680829514;0,9025852843498606;-3,9581468220741414;-2,1082740093256818;3,357678524423536;3,3484149604738755;0,765348379624105;1079,1320166385103;2281,7440000000006;1,992981468939829e-14;1,1958594764324002;1,2799622632692456;7,032831908289815;1,1312828119111558;1,2132034193804624;7,241390623703755;1,0667061473899118;1,1464445754916794;7,475200953596922
26,0;3,928981169259956;0,4383711467890774;0,898794046299167;-3,928981169259956;-2,145769993240408;3,375764410632595;3,4084430106306476;0,7782161298961832;1079,3454190779325;2281,7440000000006;1,992981468939829e-14;1,2165872766852606;1,3050595625490347;7,2721692524047725;1,150831604666899;1,2369917217212558;7,48677014994695;1,0850759326485373;1,1689238808934772;7,727380704157483
26,5;3,8992602118298914;0,44619781310980877;0,8949343616020251;-3,8992602118298914;-2,18307535677288;3,394161352452133;3,468176523548623;0,7909896448897702;1079,569295135876;2281,7439999999997;1,992981468939829e-14;1,237187457999579;1,3301568618288238;7,514576972803133;1,1702577860331074;1,260780024062049;7,735239116484778;1,1033281140666364;1,1914031862952748;7,982672706853451
27,0;3,8689819764656717;0,45399049973954675;0,8910065241883679;-3,8689819764656717;-2,22019171461564;3,4128695159373224;3,527615639757744;0,8036726413204636;1079,814223647283;2281,7439999999997;1,992981468939829e-14;1,2576631410600103;1,3552541611086129;7,759710598368081;1,1895645660990781;1,2845683264028425;7,986431591124877;1,1214659911381464;1,2138824916970723;8,24068685891534
27,5;3,838146177845598;0,4617486132350339;0,8870108331782217;-3,838146177845598;-2,2571247659575113;3,431891273994342;3,586765155779472;0,8162734763692687;1080,0850387142198;2281,744;0,0;1,2780220896043026;1,3803514603884022;8,00685462453802;1,2087597976190474;1,308356628743636;8,239588321912194;1,1394975056337926;1,23636179709887;8,500614611806562
28,0;3,806752471789897;0,4694715627858908;0,882947592858927;-3,806752471789897;-2,2938808179061225;3,4512295642435307;3,6456306835337564;0,8288013068184115;1080,3851354729657;2281,744;0,0;1,2982728696043022;1,4054487596681913;8,255266868247425;1,2278521351864184;1,3321449310844293;8,493921451069241;1,1574314007685351;1,2588411025006676;8,761616599030956
28,5;3,7748000441933853;0,4771587602596084;0,8788171126619654;-3,7748000441933853;-2,3304666094501583;3,470887822911526;3,704218467452743;0,8412659058950926;1080,7118240060704;2281,744;0,0;1,318424666154701;1,4305460589479804;8,504194109193289;1,2468508521157595;1,3559332334252228;8,748631091229816;1,1752770380768185;1,2813204079024654;9,022840265744703
29,0;3,7422880552336704;0,48480962024633706;0,8746197071393957;-3,7422880552336704;-2,366886695461232;3,490868575754708;3,7625324169579466;0,8536746954799241;1081,057573446157;2281,7439999999997;1,992981468939829e-14;1,3384843157262611;1,4556433582277697;8,753112840021446;1,2657628726893104;1,379721535766016;9,003160507827396;1,1930414296523602;1,303799713304263;9,283691320273478
29,5;3,7092147482637183;0,49242356010346716;0,8703556959398997;-3,7092147482637183;-2,403141963724394;3,5111725137985994;3,820572365661868;0,8660310050410653;1081,4207334902458;2281,744;0,0;1,3584545651445326;1,4807406575075588;9,001853687319725;1,2845910311290123;1,4035098381068094;9,257328137600396;1,2107274971134925;1,3262790187060607;9,543974335104782
30,0;3,6755787778984894;0,49999999999999994;0,8660254037844387;-3,6755787778984894;-2,4392347635173905;3,531801267214874;3,878339904607625;0,8783399046076252;1081,8076345559123;2281,7439999999997;1,992981468939829e-14;1,3783399046076252;1,5058379567873477;9,250116879988145;1,303339904607625;1,4272981404476026;9,51081413234989;1,2283399046076253;1,348758324107858;9,80334669976374
30,5;3,641379125398011;0,5075383629607041;0,8616291604415258;-3,641379125398011;-2,4751682773985055;3,552757095971171;3,935837685292605;0,8906075075283804;1082,2141183812612;2281,744;0,0;1,3981458704890843;1,5309352560671368;9,497534440494501;1,3220151160449787;1,451086442788396;9,763226242794792;1,2458843616008732;1,3712376295096558;10,061388662725685
31,0;3,6066141661815148;0,5150380749100542;0,8571673007021123;-3,6066141661815148;-2,5109421848396183;3,5740403600641453;3,993064401496314;0,9028359520359892;1082,647416603097;2281,744;0,0;1,4178740269460435;1,5560325553469259;9,744062291518366;1,340618315709535;1,4748747451291895;10,014515529619475;1,2633626044730273;1,3937169349114533;10,318045664554027
31,5;3,571295187382983;0,5224985647159488;0,8526401643540923;-3,571295187382983;-2,5465380028612112;3,5956404317408586;4,049997546112758;0,9150061578170652;1083,178960506803;2281,7440000000006;1,992981468939829e-14;1,437504722533014;1,5811298546267152;9,991280713194504;1,3591299378256214;1,498663047469983;10,266355391125511;1,2807551531182293;1,416196240313251;10,575096017788104
32,0;3,535429694616013;0,5299192642332049;0,848048096156426;-3,535429694616013;-2,5819438909043813;3,6175502556249466;4,1066221708515895;0,9271065854523601;1083,7478472849152;2281,744;0,0;1,457025849685565;1,6062271539065043;10,240127466038972;1,3775379600505842;1,5224513498107763;10,519738400157834;1,2980500704156037;1,4386755457150486;10,833594058079754
32,5;3,4990655777688526;0,5372996083468238;0,8433914458128857;-3,4990655777688526;-2,6170721256769407;3,63971427775185;4,162833299801688;0,9390356497207457;1084,960948799875;2281,7439999999997;1,992981468939829e-14;1,4763352580675695;1,6313244531862934;10,498238409722399;1,3957403168155458;1,5462396521515696;10,782760483654712;1,3151453755635225;1,4611548511168464;11,102154808608953
33,0;3,462312785286961;0,5446390350150271;0,838670567945424;-3,462312785286961;-2,6517275865509657;3,6620051258998965;4,21839681903945;0,9505626089492871;1086,4327572855777;2281,7440000000006;1,992981468939829e-14;1,495201643964314;1,6564217524660825;10,782499414213873;1,41350578871206;1,570027954492363;11,073330369797846;1,3318099334598061;1,483634156518644;11,399841617371436
33,5;3,4251769353723427;0,5519369853120581;0,8338858220671682;-3,4251769353723427;-2,685910069769281;3,6844158641832503;4,273307711241267;0,9616857993689178;1087,8966956987924;2281,744;0,0;1,513622784680976;1,6815190517458718;11,092345382491256;1,430832236884167;1,5938162568331564;11,390854619260562;1,3480416890873586;1,5061134619204417;11,726029996898669
34,0;3,3876537376182654;0,5591929034707469;0,8290375725550417;-3,3876537376182654;-2,7196374069865015;3,706951487582053;4,32758255948419;0,9724251386597089;1089,3500637747557;2281,744;0,0;1,531618042130456;1,706616351025661;11,425714772319157;1,4477391066098435;1,6176045591739499;11,733153562583427;1,363860171089232;1,5285927673222395;12,078408016083175
34,5;3,3497396098067185;0,5664062369248328;0,8241261886220157;-3,3497396098067185;-2,752927846229261;3,729617896254108;4,381238771249136;0,9828013497001393;1090,7846861263567;2281,744;0,0;1,5492075866249722;1,7317136503054498;11,78060740575615;1,464246651086247;1,641392861514743;12,098112725549386;1,3792857155475224;1,5510720727240368;12,45473328985517
35,0;3,311428518123952;0,573576436351046;0,8191520442889918;-3,311428518123952;-2,7857987400127286;3,7524210181068476;4,434293008113614;0,9928343900073378;1092,1943347276138;2281,744;0,0;1,5664108263583838;1,7568109495852389;12,155184324759823;1,4803743609057267;1,6651811638555365;12,483788413948265;1,39433789545307;1,5735513781258343;12,852944989674214
35,5;3,272715999869425;0,5807029557109398;0,8141155183563192;-3,272715999869425;-2,818268800176988;3,775368380207131;4,486763942407435;1,002546208141796;1093,5786444895664;2281,744;0,0;1,5832491638527357;1,7819082488650282;12,547556603716641;1,4961437204960946;1,6889694661963297;12,88818333818208;1,4090382771394538;1,596030683527632;13,270924532142534
36,0;3,2335972669473936;0,5877852522924731;0,8090169943749475;-3,2335972669473936;-2,850356738459348;3,7984681996452867;4,538670630498201;1,0119591167433621;1094,9314809239143;2281,7439999999997;1,992981468939829e-14;1,5997443690358353;1,8070055481448173;12,955893649052078;1,5115765811919641;1,7127577685371231;13,309361222473834;1,4234087933480934;1,6185099889294299;13,706617276293908
36,5;3,194066289044812;0,5948227867513413;0,8038568606172173;-3,194066289044812;-2,8820808067626063;3,8217290819972978;4,590031972131603;1,0210952516235556;1096,2751883392225;2281,744;0,0;1,6159180383748968;1,8321028474246064;13,37845137660096;1,5266946203621954;1,7365460708779166;13,74547651618342;1,4374712023494947;1,6409892943312274;14,158063942365578
37,0;3,1541222444937134;0,6018150231520483;0,7986355100472928;-3,1541222444937134;-2,9134536221113425;3,8451561142410022;4,640860235409214;1,0299700964969243;1097,5664563570374;2281,7439999999997;1,992981468939829e-14;1,6317851196489725;1,8572001467043955;13,814014133424255;1,541512866176165;1,76033437321871;14,195243636554764;1,4512406127033581;1,6634685997330252;14,623900762695074
37,5;3,1137600644364274;0,6087614290087207;0,7933533402912352;-3,1137600644364274;-2,9444900552766096;3,868756627170958;4,691170833651572;1,0386022595992483;1098,8504364687478;2281,744;0,0;1,647363688607969;1,8822974459841848;14,261195569676302;1,5560494742566608;1,7841226755595034;14,657194714955658;1,464735259905353;1,6859479051348227;15,102568449384085
38,0;3,0729731214862186;0,6156614753256583;0,7880107536067219;-3,0729731214862186;-2,9752060170319568;3,8925393412327867;4,740980849203149;1,0470119972491991;1100,0766381349424;2281,7440000000006;1,992981468939829e-14;1,6626734725748573;1,907394745263974;14,718540755337555;1,5703242512760085;1,8079109779002969;15,129787776711145;1,4779750299771601;1,7084272105366205;15,592427198382483
38,5;3,031759308551465;0,6225146366376196;0,7826081568524139;-3,031759308551465;-3,005614369208669;3,9165112451771935;4,790303896374159;1,055216076548441;1101,3361900291604;2281,744;0,0;1,6777307131860608;1,932492044543763;15,18487617562313;1,5843535176904175;1,8316992802410903;15,611778544932298;1,490976322194775;1,730906515938418;16,092153186608392
39,0;2,990118060700816;0,6293203910498374;0,7771459614569709;-2,990118060700816;-3,0357282579037665;3,940680103880217;4,83915429968693;1,0632319533879055;1102,6636630221474;2281,7439999999997;1,992981468939829e-14;1,6925523444377428;1,9575893438235519;15,659013457208793;1,598154285780267;1,8554875825818833;16,10190574785327;1,5037562271227918;1,7533858213402156;16,60040302510015
39,5;2,94804805081988;0,636078220277764;0,77162458338772;-2,94804805081988;-3,0655595788204355;3,9650532353716406;4,887545138119336;1,071075816452752;1103,9773077981797;2281,7439999999997;1,992981468939829e-14;1,707154036730516;1,982686643103341;16,139879615111692;1,6117423036888512;1,8792758849226767;16,59902954842794;1,516330570647187;1,7758651267420131;17,115961461098408
40,0;2,9055492198189037;0,6427876096865393;0,766044443118978;-2,9055492198189037;-3,0951182973043685;3,9896368993076052;4,935487338469036;1,0787616803498006;1105,2824524596108;2281,744;0,0;1,7215492900363398;2,00778394238313;16,626573168912763;1,6251311485833586;1,9030641872634702;17,102191347596055;1,5287130071303783;1,798344432143811;17,637805379805783
40,5;2,862619335844465;0,6494480483301837;0,7604059656000309;-2,862619335844465;-3,1244165023483137;4,014439613431611;4,9829949194873775;1,0863066295062755;1106,5696400102274;2281,7439999999997;1,992981468939829e-14;1,7357546778364592;2,0328812416629196;17,11800449800979;1,6383374705869316;1,9268524896042636;17,610231359353087;1,5409202633374042;1,8208237375456084;18,164695530836553
41,0;2,819256125699501;0,6560590289905073;0,754709580222772;-2,819256125699501;-3,1534671309757867;4,039471205489713;5,03008341137374;1,0937292374306962;1107,8484878250156;2281,7439999999997;1,992981468939829e-14;1,7497882664212034;2,0579785409427087;17,613003837992284;1,651379412072627;1,950640791945057;18,121903281864853;1,5529705577240513;1,8433030429474062;18,695298747250575
41,5;2,7754583990395307;0,6626200482157375;0,7489557207890021;-2,7754583990395307;-3,1822811474876658;4,064740407106026;5,076766155110929;1,1010458658165039;1109,1044634364266;2281,7439999999997;1,992981468939829e-14;1,7636659140322415;2,083075840222498;18,110568654127608;1,6642729067998805;1,9744290942858505;18,63613751198706;1,5648798995675204;1,8657823483492038;19,22846915375695
42,0;2,73122417699295;0,6691306063588582;0,7431448254773942;-2,73122417699295;-3,210869364964295;4,090256370996208;5,123056679544979;1,1082730413918291;1110,3369791940554;2281,7440000000006;1,992981468939829e-14;1,7774036477506874;2,108173139502287;18,609700287843445;1,6770340567968582;1,9982173966266439;19,151867460774596;1,57666446584303;1,8882616537510015;19,763062760557805
42,5;2,6865497442159927;0,6755902076156602;0,7372773368101241;-2,6865497442159927;-3,239245651878323;4,116031599500034;5,16897305034947;1,1154318046555085;1111,5167810993216;2281,744;0,0;1,7910220122711689;2,133270438782076;19,109113353492898;1,6896834811288195;2,0220056989674373;19,66772011149714;1,5883449499864708;1,910740959152799;20,297606585337423
43,0;2,6414312707880163;0,6819983600624985;0,7313537016191705;-2,6414312707880163;-3,2674268926264403;4,142082140914816;5,214537980040438;1,1225478196654475;1112,7459502731633;2281,7439999999992;3,985962937879658e-14;1,804546179727946;2,158367738061865;19,60723212898111;1,702246425718571;2,0457940013082307;20,182011863801545;1,5999466717091966;1,9332202645545968;20,830293830316833
43,5;2,5958308349009656;0,6883545756937539;0,7253743710122877;-2,5958308349009656;-3,295483189971816;4,168475057595614;5,259847925668599;1,1297204715060758;1114,3265567845342;2281,744;0,0;1,8180750471998297;2,183465037341654;20,09762967181098;1,7148218608457664;2,0695823036490237;20,687888981557894;1,6115686744917037;1,9556995699563942;21,353784105615663
44,0;2,5498331033343042;0,6946583704589973;0,7193398003386512;-2,5498331033343042;-3,323277101232307;4,19508174375826;5,304714134531861;1,1367639117778774;1115,3143980757893;2281,7439999999997;1,992981468939829e-14;1,8314222822368746;2,2085623366214433;20,592741392440352;1,7272235266680247;2,093370605989817;21,198592635437542;1,6230247710991756;1,978178875358192;21,88223560004522
44,5;2,5035100457005695;0,7009092642998509;0,7132504491541817;-2,5035100457005695;-3,3506945482915165;4,221790418797579;5,348976408014963;1,1435208222158568;1116,0131299787413;2281,7439999999997;1,992981468939829e-14;1,8444300865157077;2,2336596359012324;21,102971168769745;1,73929369687073;2,1171589083306106;21,725210189614387;1,6341573072257525;2,0006581807599897;22,42751489796487
45,0;2,456867918755218;0,7071067811865476;0,7071067811865476;-2,456867918755218;-3,3777291336380086;4,248589896711544;5,392621901852184;1,1499812147328985;1116,5570438187044;2281,7439999999997;1,992981468939829e-14;1,857087995919446;2,2587569351810215;21,628966432616934;1,7510219787414636;2,140947210671404;22,268437327679738;1,644955961563482;2,023137486161787;22,990373811518623
45,5;2,409900645707653;0,7132504491541816;0,7009092642998509;-2,409900645707653;-3,4044018735480273;4,275496282767607;5,4356764566106115;1,1561737616855225;1117,79497846366;2281,7439999999997;1,992981468939829e-14;1,8694242108397041;2,2838542344608106;22,168859332091014;1,7624366434665766;2,1647355130121975;22,826288311523648;1,6554490760934497;2,045616791563585;23,568693299274294
46,0;2,362629154009925;0,7193398003386512;0,6946583704589973;-2,362629154009925;-3,430720451517443;4,302512864197237;5,478147423037582;1,1621086210056744;1118,0091794184118;2281,744;0,0;1,8814484213443254;2,3089515337405997;22,722021371748067;1,7735474512935276;2,188523815352991;23,3980976238782;1,6656464812427303;2,0680960969653825;24,161766632640237
46,5;2,3151014189893706;0,7253743710122876;0,6883545756937539;-2,3151014189893706;-3,4566508223486925;4,329599874703859;5,519982195987491;1,1677359699137648;1117,6741514821933;2281,7439999999997;1,992981468939829e-14;1,8931103409260523;2,3340488330203892;23,291748112191026;1,784304185274209;2,2123121176937843;23,987386004690663;1,6754980296223663;2,0905754023671803;24,773372776712048
47,0;2,2672615394615803;0,7313537016191705;0,6819983600624985;-2,2672615394615803;-3,482264499702162;4,356828015367505;5,56128097445786;1,173158764742837;1119,7111459304497;2281,744;0,0;1,9045124663620074;2,3591461323001783;23,87139354391365;1,7948094111191315;2,2361004200345778;24,587067918274656;1,6851063558762565;2,113054707768978;25,395925331382905
47,5;2,2190618341860886;0,7372773368101241;0,6755902076156602;-2,2190618341860886;-3,507611988692469;4,3842486982262345;5,602115515817415;1,1784514949566702;1121,3755245027307;2281,7439999999997;1,992981468939829e-14;1,9157288317667942;2,3842434315799674;24,456206538431765;1,8051372312452756;2,259888722375371;25,19207311548191;1,6945456307237572;2,1355340131707754;26,023989820720715
48,0;2,170535007106823;0,7431448254773942;0,6691306063588582;-2,170535007106823;-3,532666594375106;4,411831579147753;5,642445149279311;1,1835761964149452;1122,9805317767134;2281,744;0,0;1,9267210218923394;2,4093407308597565;25,048759186392722;1,81524929807073;2,2836770247161646;25,805145725343927;1,7037775742491212;2,158013318572573;26,660507286207242
48,5;2,1216848076481334;0,7489557207890021;0,6626200482157375;-2,1216848076481334;-3,5574309518609866;4,439577629885309;5,682272132635765;1,1885378079017528;1125,2807564388477;2281,7439999999497;2,21220943052321e-12;1,9374935286907549;2,434438030139545;25,648834129763337;1,8251501705724043;2,3074653270569576;26,426053278305833;1,7128068124540543;2,1804926239743705;27,305228360823197
49,0;2,0725301072277356;0,754709580222772;0,6560590289905073;-2,0725301072277356;-3,5819075956538216;4,4674878204407795;5,721598676753576;1,1933411954169442;1125,6853434117663;2281,7439999999892;4,78315552545559e-13;1,9480507756397163;2,4595353294193347;26,256222896020414;1,8348443386063003;2,331253629397751;27,054572442287412;1,7216379015728847;2,2029719293761683;27,957913064270823
49,5;2,0230897358654594;0,7604059656000309;0,6494480483301837;-2,0230897358654594;-3,6061021497624837;4,495566928736134;5,7604319146076906;1,1979961210075052;1126,061959849129;2281,7439999998596;6,158312739024072e-12;1,9584020866075362;2,484632628699124;26,87040346260845;1,8443411917675312;2,3550419317385445;27,690144440225907;1,730280296927527;2,225451234777966;28,617960843091033
50,0;1,9733625997994304;0,766044443118978;0,6427876096865394;-1,9733625997994304;-3,6300296243789827;4,523831193547008;5,798793812770873;1,2025271540570044;1126,6033822606576;2281,743999999996;1,793683322045846e-13;1,9685715971759823;2,509729927978913;27,48989833944827;1,8536649307081354;2,378830234079338;28,33118837559166;1,738758264240289;2,247930540179764;29,28367251568153
50,5;1,923340560757735;0,77162458338772;0,636078220277764;-1,923340560757735;-3,6537120004464825;4,552306170068078;5,836717978583635;1,2069704782573147;1127,207260490664;2281,7439999999992;3,985962937879658e-14;1,9785950616450347;2,534827227258702;28,112481244707404;1,8628513741368766;2,4026185364201313;28,975320832202595;1,747107686628719;2,270409845581561;29,952484495253103
51,0;1,8730277963045987;0,7771459614569709;0,6293203910498375;-1,8730277963045987;-3,6771562676175926;4,581000547141894;5,874215494931962;1,2113397261901362;1127,7608180433122;2281,744;0,0;1,988485687647107;2,559924526538491;28,737387572929627;1,8719137934285612;2,4264068387609248;29,621719081238503;1,7553418992100158;2,292889150983359;30,623507136431023
51,5;1,8224308315475692;0,7826081568524139;0,6225146366376195;-1,8224308315475692;-3,7003689528726693;4,609923000459022;5,911297176743444;1,2156482356289606;1128,2537341228776;2281,7439999999997;1,992981468939829e-14;1,9982563924813745;2,58502182581828;29,363871200145546;1,880865168953512;2,450195141101718;30,269579209921442;1,7634739454256505;2,3153684563851566;31,295869859097643
52,0;1,771552865858944;0,788010753606722;0,6156614753256583;-1,771552865858944;-3,7233605454737884;4,639087769579025;5,947980695949436;1,2199161743091036;1128,7292849333278;2281,744;0,0;2,0079269279158254;2,6101191250980693;29,99074263162073;1,889725314874817;2,4739834434425116;30,91762194054104;1,771523701833809;2,3378477617869544;31,96818983380859
52,5;1,7203972959667133;0,7933533402912352;0,6087614290087207;-1,7203972959667133;-3,746140124531007;4,668508101813248;5,984282112226636;1,2241620704792249;1129,1587197318443;2281,7439999999997;1,992981468939829e-14;2,01751541077046;2,635216424377859;30,616916743724303;1,8985124097267745;2,497771745783305;31,564678375885535;1,7795094086830896;2,3603270671887517;32,63920132546482
53,0;1,6689636215133357;0,7986355100472928;0,6018150231520484;-1,6689636215133357;-3,7687233895714787;4,698206753241566;6,020229100631339;1,2284160403475823;1129,7709148685442;2281,7439999999515;2,132490171765617e-12;2,027051550394875;2,6603137236576475;31,24055592663202;1,907256223887781;2,521560048124098;32,20877281942279;1,7874608973806874;2,3828063725905495;33,30676917644859
53,5;1,6172490018452008;0,8038568606172173;0,5948227867513414;-1,6172490018452008;-3,7911280746176126;4,728210439387818;6,0558537664191405;1,2327126027158366;1130,3550010020094;2281,744;0,0;2,0365694633330538;2,6854110229374366;31,859534932949813;1,915990934240471;2,5453483504648915;32,8476197343756;1,7954124051478888;2,405285677992347;33,968422580561516
54,0;1,5652713836699024;0,8090169943749475;0,5877852522924731;-1,5652713836699024;-3,8133427319818898;4,758507474724527;6,091140034708002;1,2370380684583173;1130,7534179126112;2281,7440000000006;1,992981468939829e-14;2,0460550628332648;2,7105083222172257;32,4748474004342;1,9247025136770224;2,569136652805685;33,48227243167631;1,8033499645207807;2,4277649833941446;34,625282455327245
54,5;1,5130971785409226;0,8141155183563192;0,5807029557109398;-1,5130971785409226;-3,835283592855856;4,788985271488257;6,125947745059508;1,2412546349215932;1131,1410598310104;2281,743999999998;9,964907344699145e-14;2,0553701532779125;2,7356056214970152;33,09552136554384;1,9332528255244643;2,5929249551464784;34,12239314550358;1,8111354977710168;2,4502442887959424;35,287740304990066
55,0;1,4607035587046282;0,8191520442889918;0,573576436351046;-1,4607035587046282;-3,857008488780454;4,819725449209867;6,160377138602367;1,2454648728684168;1131,6106990764013;2281,743999999953;2,072700727697422e-12;2,0646169171574087;2,7607029207768043;33,71501985839465;1,9417441105140596;2,616713257487272;34,760973050899075;1,8188713038707112;2,47272359419774;35,94824377819235
55,5;1,408082671597284;0,8241261886220157;0,5664062369248328;-1,408082671597284;-3,8785425479059397;4,8507668625950116;6,194474695676656;1,2497175639445617;1132,0430213879959;2281,743999999778;9,725749568426365e-12;2,073843752566577;2,7858002200565934;34,33028484469493;1,9502248242732747;2,6405015598280652;35,394726134306744;1,8266058959799727;2,4952028995995374;36,60324348514506
56,0;1,3552407041548449;0,8290375725550417;0,5591929034707468;-1,3552407041548449;-3,8998996392204197;4,882134190137092;6,228268880379414;1,254043445049163;1132,4117184436209;2281,744000000173;7,57332958197135e-12;2,0830810176042047;2,8108975193363825;34,93942365089836;1,9587253817209482;2,6642898621688587;36,02161318949148;1,8343697458376924;2,517682205001335;37,25053036412776
56,5;1,3021801243477866;0,8338858220671682;0,5519369853120581;-1,3021801243477866;-3,9210952202600624;4,913855909804793;6,261792249859042;1,2584773174560322;1131,8513514129354;2281,744;0,0;2,0923631395232003;2,8359948186161716;35,54027812124559;1,967280266213125;2,688078164509652;36,63930913534816;1,8421973929030502;2,540161510403133;37,88758578146651
57,0;1,2488823422226427;0,838670567945424;0,5446390350150271;-1,2488823422226427;-3,9421460596135396;4,9459641232679985;6,295081166095073;1,263057758422529;1131,161918119681;2281,7440000000006;1,992981468939829e-14;2,101728326367953;2,8610921178959607;36,130444739272384;1,9759277411761391;2,7118664668504455;37,245224627305994;1,850127155984326;2,5626408158049307;38,51160486542478
57,5;1,1953492236876146;0,8433914458128856;0,5372996083468239;-1,1953492236876146;-3,96306472511191;4,978486219630716;6,328165815389619;1,2678171405123058;1130,6101516998706;2281,7439999999997;1,992981468939829e-14;2,1112085863251915;2,88618941717575;36,70792340796151;1,9846998694532583;2,7356547691912385;37,8372020523613;1,858191152581326;2,585120121206728;39,12024700018515
58,0;1,141578941393389;0,8480480961564261;0,5299192642332049;-1,141578941393389;-3,983856016795418;5,011438832453561;6,36106321009788;1,2727746331593242;1130,0279396442638;2281,7439999998114;8,27087309610029e-12;2,1208227293157504;2,9112867164555394;37,271572782267356;1,993615514892286;2,759443071532032;38,41400465230244;1,8664083004688226;2,607599426608526;39,71216405078801
58,5;1,0875756163389858;0,8526401643540922;0,5224985647159489;-1,0875756163389858;-4,004524205798041;5,044838707297233;6,39379025442955;1,2779492683049973;1129,5814642681266;2281,7440000000006;1,992981468939829e-14;2,1305894326590895;2,936384015735328;37,820265637503134;2,0026934080059755;2,7832313738728254;38,97441129763388;1,874797383352862;2,630078732010323;40,28602532539951
59,0;1,0333459677956351;0,8571673007021123;0,5150380749100542;-1,0333459677956351;-4,025075804812399;5,078707183206926;6,426369021163524;1,28336521695085;1129,344888424463;2281,7439999999997;1,992981468939829e-14;2,1405325176529626;2,9614813150151176;38,35254968526727;2,011957422547645;2,807019676213619;39,516852829779296;1,883382327442329;2,6525580374121214;40,84012570163322
59,5;0,9789076075329725;0,8616291604415257;0,5075383629607042;-0,9789076075329725;-4,045523181995697;5,113076709981341;6,458834206004015;1,2890592433548607;1130,0974785545582;2281,7439999999997;1,992981468939829e-14;2,1506884037963863;2,9865786142949062;38,8661699678582;2,0214440297301572;2,8308079785544122;40,03889976277488;1,8921996556639287;2,6750373428139187;41,37183329500769
60,0;0,9242683068934684;0,8660254037844386;0,5000000000000001;-0,9242683068934684;-4,06588132652236;5,147986018337829;6,491227333468844;1,295074910762212;1130,6458079019349;2281,744;0,0;2,1611003145466503;3,0116759135746953;39,35845056810685;2,0311965039789843;2,8545962808952052;40,53767202253614;1,9012926934113192;2,697516648215716;41,878031592064
60,5;0,869420141406542;0,8703556959398997;0,4924235601034671;-0,869420141406542;-4,086153468645543;5,183455578481799;6,52356832554265;1,3014341499032511;1131,1730468018254;2281,7440000000006;1,992981468939829e-14;2,1717898458431506;3,036773212854485;39,82813386234998;2,0412364914521657;2,878384583235999;41,01181295207367;1,9106831370611812;2,7199959536175142;42,357249135570214
61,0;0,8143459880144511;0,8746197071393957;0,4848096202463371;-0,8143459880144511;-4,106330809832333;5,2194854422996615;6,555853509483117;1,308135266646743;1130,8106357005531;2281,7439999999997;1,992981468939829e-14;2,182754973786139;3,0618705121342735;40,27550269754961;2,051562017715229;2,902172885576792;41,4616209754588;1,92036906164432;2,7424752590193116;42,80980222994539
61,5;0,7590422318851713;0,8788171126619654;0,4771587602596084;-0,7590422318851713;-4,126390348611179;5,256049679250138;6,588049706216979;1,3151470302451864;1130,7661510850776;2281,744;0,0;2,1939641429071517;3,086967811414063;40,702746733299875;2,0621415760078565;2,9259611879175855;41,8894426047127;1,9303190091085622;2,7649545644211093;43,238218728312106
62,0;0,7035970337844178;0,8829475928589269;0,46947156278589086;-0,7035970337844178;-4,146222555700028;5,292959252323989;6,6199392138224535;1,3222536566688925;1130,4105107749074;2281,744;0,0;2,2052012495278195;3,1120651106938517;41,12385939198116;2,07275911059898;2,949749490258379;42,31028946754785;1,9403169716701414;2,7874338698229066;43,65868621061452
62,5;0,6481098158498957;0,8870108331782217;0,46174861323503386;-0,6481098158498957;-4,165663234541402;5,329909551382128;6,651176733689682;1,3291117346203514;1129,7329306191207;2281,7439999999997;1,992981468939829e-14;2,216122567798573;3,1371624099736413;41,56087102573937;2,0830709428218395;2,9735377925991724;42,74779276461217;1,9500193178451068;2,809913175224705;44,09668404361422
63,0;0,5926072232772269;0,8910065241883678;0,4539904997395468;-0,5926072232772269;-4,184682563149867;5,366837557516941;6,681693406102535;1,335654260972328;1129,1801953645481;2281,7439999999997;1,992981468939829e-14;2,226660785160696;3,1622597092534304;42,01802673886913;2,0930098065324403;2,997326094939966;43,20650030329943;1,9593588279041856;2,832392480626502;44,55710920781932
63,5;0,5370713879667962;0,8949343616020251;0,4461978131098087;-0,5370713879667962;-4,203273313874834;5,403720559005721;6,711466569303292;1,3418603996911411;1127,6863490845178;2281,7439999999997;1,992981468939829e-14;2,236794761293166;3,1873570085332195;42,49662345822473;2,1025546070528622;3,0211143972807593;43,68779708011658;1,968314452812559;2,8548717860283;45,041448125777045
64,0;0,4815132860394087;0,898794046299167;0,43837114678907746;-0,4815132860394087;-4,221449806485173;5,4405784952154495;6,740521352704361;1,3477570749093584;1126,9760091999506;2281,744;0,0;2,246551121208525;3,2124543078130086;42,99493465721264;2,1117320142636498;3,0449026996215527;44,18982517927564;1,9769129073187754;2,8773510914300973;45,54769108835238
64,5;0,42591969802178914;0,9025852843498605;0,43051109680829525;-0,42591969802178914;-4,239206578788388;5,477391725664713;6,768838642035789;1,3533269359366251;1126,1191815836905;2281,744;0,0;2,2559122202864854;3,237551607092797;43,514077275650834;2,120524427634006;3,0686910019623457;44,713777496365125;1,9851366349815276;2,899830396831895;46,07711860896059
65,0;0,3702959145474239;0,9063077870366499;0,42261826174069944;-0,3702959145474239;-4,256542418685173;5,514148517303469;6,796408298119012;1,3585615758991123;1125,0836561803192;2281,744;0,0;2,2648693629357624;3,2626489063725868;44,054617885045936;2,1289231948802643;3,092479304303139;45,26025700410801;1,9929770268247675;2,922309702233693;46,630375709325065
65,5;0,3146152656827361;0,9099612708765432;0,41469324265623914;-0,3146152656827361;-4,273438974538805;5,550799524522008;6,823178855360008;1,3634112301007493;1124,1566621336563;2281,7439999999997;1,992981468939829e-14;2,2733725009772927;3,287746205652376;44,61977543227154;2,1368783103458107;3,1162676066439325;45,832712679816915;2,0003841197143295;2,94478900763549;47,211177024142195
66,0;0,25888044482006267;0,9135454576426009;0,4067366430758002;-0,25888044482006267;-4,289901222947861;5,587343839687669;6,849152607582622;1,3678798617270163;1123,0627801405146;2281,7439999999997;1,992981468939829e-14;2,281425319369617;3,312843504932165;45,20937752402696;2,1443935007232264;3,140055908984726;46,430956255262785;2,007361682076837;2,967268313037288;47,819316246353836
66,5;0,20307311325230243;0,917060074385124;0,39874906892524625;-0,20307311325230243;-4,305920191005834;5,623749098033881;6,87429743319622;1,3719369868854754;1121,7619131559873;2281,743999999998;9,964907344699145e-14;2,2889970612705994;3,337940804211954;45,825473552993394;2,1514380501128305;3,1638442113255194;47,05718396862945;2,0138790389550625;2,9897476184390857;48,4571595715287
67,0;0,1471709110651763;0,9205048534524404;0,3907311284892737;-0,1471709110651763;-4,321485975020223;5,659978802758643;6,898577050147485;1,3755479294328428;1120,3857789488293;2281,743999999996;1,793683322045846e-13;2,2960527828852832;3,3630381034917436;46,47041777783772;2,1579770548674166;3,187632513666313;47,713920612661795;2,019901326849551;3,0122269238408834;49,12742933532635
67,5;0,09116027235074015;0,9238795325112867;0,38268343236508984;-0,09116027235074015;-4,336590045459131;5,695997162624537;6,921956359147755;1,3786791640800349;1118,7602844188532;2281,743999999991;3,985962937879658e-13;2,302558696591322;3,3881354027715322;47,14653779672519;2,163976766714628;3,2114208160071063;48,403664281604954;2,0253948368379358;3,0347062292426807;49,832821435473335
68,0;0,03502065407413265;0,9271838545667874;0,37460659341591196;-0,03502065407413265;-4,351219703348016;5,731755977865831;6,944387191269262;1,381284063868537;1116,988064942715;2281,7439999999833;7,374031435077367e-13;2,3084679184353245;3,413232702051322;47,85705596310842;2,169390340250306;3,2352091183478997;49,12987572234781;2,0303127620652885;3,057185534644479;50,57707323548654
68,5;-0,021253950541077395;0,9304175679820246;0,3665012267242973;0,021253950541077395;-4,365375353505959;5,76723651776693;6,965853597009774;1,3833481891176262;1115,0530256951174;2281,7439999999633;1,6143149898412615e-12;2,3137657570996506;3,4383300013311104;48,603201978454486;2,1742031219023468;3,2589974206886927;49,8938801006408;2,034640486705044;3,0796648400462763;51,36162187716884
69,0;-0,07768250262406418;0,9335804264972017;0,3583679495453004;0,07768250262406418;-4,379050468793128;5,8024010501362175;6,986319384550761;1,3848368255675503;1112,8504551359615;2281,743999999928;3,1688405356143275e-12;2,318417252064752;3,4634273006108995;49,38757454148587;2,1783801880901716;3,282785723029486;50,698474994283174;2,038343124115592;3,1021441454480736;52,189496888265566
69,5;-0,13428070125739608;0,9366721892483976;0,35020738125946743;0,13428070125739608;-4,392242023994483;5,837218504927601;7,0057558132126845;1,385722677722299;1110,450572948326;2281,7439999998273;7,57332958197135e-12;2,3223948669706966;3,488524599890689;50,21237988013114;2,1818940385834367;3,3065740253702796;51,5460405912757;2,0413932101961776;3,1246234508498714;53,06328223505727
70,0;-0,19107703245409202;0,9396926207859083;0,3420201433256688;0,19107703245409202;-4,404940872699043;5,8716390478197225;7,024114393776213;1,3859586690607637;1107,708277389519;2281,7440000002607;1,141978381702522e-11;2,325651289846672;3,5136218991704777;51,081200974120556;2,1846973967287857;3,330362327711073;52,44044015879391;2,0437435036108997;3,1471027562516687;53,987168678033534
70,5;-0,24809450507127542;0,9426414910921784;0,3338068592337709;0,24809450507127542;-4,417136566760573;5,905605492962129;7,04133925184497;1,3854903052918992;1104,5718293513962;2281,744;0,0;2,3281317963840777;3,5387191984502673;51,998233259234084;2,1867355727202504;3,3541506300518664;53,38620141800582;2,045339349056424;3,169582061653467;54,96607265272091
71,0;-0,30537183035858134;0,9455185755993167;0,32556815445715676;0,30537183035858134;-4,428810345349399;5,939032465360334;7,057345127661768;1,3842336740658672;1100,8732413214093;2281,7439999999997;1,992981468939829e-14;2,3297522496651837;3,5638164977300564;52,969763125766875;2,187924463325286;3,3779389323926594;54,39010756608786;2,046096676985389;3,192061367055264;56,007357959169326
71,5;-0,36296540146082845;0,9483236552061993;0,3173046564050921;0,36296540146082845;-4,439940505403364;5,971818920234644;7,072030943192521;1,3820890119553253;1096,1917857942008;2281,7439999999997;1,992981468939829e-14;2,3304126671615246;3,5889137970098455;54,00335947286078;2,1881641188805943;3,4017272347334533;55,460333408340745;2,0459155705996652;3,214540672457062;57,11990849724402
72,0;-0,4210040531943051;0,9510565162951535;0,30901699437494745;0,4210040531943051;-4,45046840974925;6,00374295484618;7,085169230908944;1,378830133138023;1088,5158196133236;2281,7439999999997;1,992981468939829e-14;2,3298866494331767;3,6140110962896346;55,11531847134557;2,1872281719889033;3,4255155370742463;56,61445755608278;2,0445696945446308;3,2370199778588598;58,322799486657416
72,5;-0,4797503749190484;0,9537169507482269;0,30070579950427306;0,4797503749190484;-4,4602691161528245;6,034358370961844;7,09629865585272;1,3739969513633579;1082,4014998385228;2281,7439999999997;1,992981468939829e-14;2,3277139021115847;3,639108395569424;56,338302240159685;2,1846563594993507;3,44930383941504;57,88770734659175;2,0415988168871166;3,2594992832606575;59,654250203304294
73,0;-0,5386308280946285;0,9563047559630354;0,29237170472273677;0,5386308280946285;-4,469668522915636;6,064628577664579;7,106437757560378;1,3686092217821653;1081,476311768342;2281,7440000000006;1,992981468939829e-14;2,324913977745201;3,6642056948492128;57,60607617847923;2,181468264350745;3,473092141755833;59,208923572835246;2,03802255095629;3,281978588662455;61,03740300235982
73,5;-0,5975686969581484;0,958819734868193;0,28401534470392276;0,5975686969581484;-4,478712600605422;6,094678007100295;7,115720653965663;1,3628022447565042;1080,8014762507858;2281,7439999999997;1,992981468939829e-14;2,3216219796246973;3,689302994129002;58,91058176169566;2,177799019394468;3,4968804440966266;60,569474637238386;2,0339760591642397;3,304457894064252;62,46296898017831
74,0;-0,6565504642988806;0,9612616959383189;0,27563735581699916;0,6565504642988806;-4,487412825767006;6,124526389369591;7,124171229618108;1,3566010539881947;1080,2696845651772;2281,744;0,0;2,3178627499265136;3,714400293408791;60,25108878972897;2,1736734955357653;3,52066874643742;61,96860998986642;2,0294842411450182;3,3269371994660504;63,93018147256073
74,5;-0,7155672024551186;0,963630453208623;0,26723837607825696;0,7155672024551186;-4,495776273970799;6,15418019822089;7,131799404206242;1,3500166849545039;1079,734998654458;2281,744;0,0;2,3136471381631267;3,73949759268858;61,62782694933673;2,169102570181833;3,544457048778213;63,406613292661675;2,02455800220054;3,3494165048678477;65,43939473343255
75,0;-0,7746145616372647;0,9659258262890683;0,25881904510252074;0,7746145616372647;-4,5038087439427645;6,183642212818389;7,138611192324215;1,3430562345898052;1079,2218387511753;2281,744;0,0;2,3089820608788734;3,7645948919683696;63,04132265693926;2,1640931869355127;3,568245351119007;64,88408968062318;2,0192043129921533;3,3718958102696455;66,99131378503294
75,5;-0,8336876650737168;0,9681476403781077;0,2503800040544415;0,8336876650737168;-4,511516194269811;6,212916410299821;7,144613805511149;1,335727963242503;1078,709370217064;2281,7440000000006;1,992981468939829e-14;2,303875603620611;3,7896921912481583;64,49204919278372;2,1586534575638945;3,5920336534598;66,40158895691938;2,0134313115071785;3,394375115671443;68,58658630527317
76,0;-0,8927825255327855;0,9702957262759965;0,24192189559966767;0,8927825255327855;-4,518904482235459;6,242007119584533;7,149814769893451;1,3280404122374723;1078,2190326369307;2281,744;0,0;2,2983361385134686;3,814789490527948;65,98048590904983;2,152791779572069;3,6158219558005937;67,95966939818702;2,00724742063067;3,416854421073241;70,22587180606155
76,5;-0,9518948382728869;0,9723699203976766;0,23344536385590547;0,9518948382728869;-4,52597977885373;6,270920716989658;7,154223674678354;1,3200041522922952;1077,7259327545676;2281,7439999999997;1,992981468939829e-14;2,292374072689972;3,8398867898077365;67,5069891757171;2,1465185846303196;3,6396102581413867;69,5587582703465;2,000663096570669;3,4393337264750383;71,90968996081301
77,0;-1,0110181203534294;0,9743700647852352;0,22495105434386492;1,0110181203534294;-4,532746711328854;6,2996580946528145;7,157844417598806;1,3116240288873948;1077,2249294750443;2281,7439999999997;1,992981468939829e-14;2,28599409367263;3,864984089087526;69,07235673903791;2,1398385839548446;3,6633985604821806;71,19976188631463;1,9936830742370597;3,461813031876836;73,63908419604749
77,5;-1,0701474416618184;0,9762960071199334;0,2164396139381029;1,0701474416618184;-4,539210778592995;6,3282243990034175;7,16068524140832;1,3029091986887202;1076,726236609586;2281,744;0,0;2,279205205808654;3,890081388367315;70,67710175693146;2,132760804740663;3,6871868628229736;72,88328136128344;1,986316403672674;3,4842923372786334;75,41476931047949
78,0;-1,1292781596890344;0,9781476007338056;0,20791169081775945;1,1292781596890344;-4,545377149656802;6,3566242162540965;7,162753774484906;1,2938681700820727;1076,242648684686;2281,743999999999;5,978944406819487e-14;2,2720157708158784;3,9151786876471038;72,3218094670693;2,125293630705807;3,7109751651637666;74,60999795738141;1,9785714905957368;3,506771642680431;77,23755039170011
78,5;-1,1884054104523973;0,9799247046208296;0,1993679344171972;1,1884054104523973;-4,551250739385753;6,384861819474907;7,16405729141984;1,2845090636948626;1075,7885639221076;2281,744;0,0;2,2644337683156923;3,9402759869268933;74,00712010480697;2,1174450626225676;3,7347634675045605;76,38065484819987;1,9704563569294435;3,529250948082229;79,10830329588474
79,0;-1,2475258812729975;0,981627183447664;0,19080899537654492;1,2475258812729975;-4,556836697397946;6,41294356402824;7,164605160691341;1,2748420600053567;1075,3793143956614;2281,744;0,0;2,2564692434530205;3,965373286206682;75,73354025151997;2,1092251659358707;3,7585517698453534;78,19585270203575;1,9619810884187217;3,5517302534840263;81,02775171735111
79,5;-1,3066353133063047;0,9832549075639546;0,18223552549214744;1,3066353133063047;-4,562139689883732;6,440874445461529;7,164405331257858;1,2648758858741305;1074,9256185219256;2281,7440000000006;1,992981468939829e-14;2,248130793438085;3,9904705854864715;77,50170929262579;2,1006425573034915;3,7823400721861473;80,05633843015072;1,9531543211688989;3,5742095588858245;82,99678218702027
80,0;-1,365725456490615;0,984807753012208;0,17364817766693041;1,365725456490615;-4,567163324034299;6,468654706173619;7,163460894524483;1,2546143764512347;1074,4567228569606;2281,7439999999997;1,992981468939829e-14;2,239422129463443;4,01556788476626;79,3126821394935;2,091700966511611;3,8061283745269403;81,96331289527147;1,9439798035597806;3,596688864287622;85,01678143473663
80,5;-1,4247914948114302;0,9862856015372314;0,1650476058606776;1,4247914948114302;-4,571911678460164;6,496287689015949;7,161778087856328;1,2440644786329393;1073,9913523025052;2281,7439999999997;1,992981468939829e-14;2,2303500801701706;4,04066518404605;81,16730731965436;2,082407239939586;3,829916676867734;83,91775649890876;1,9344643997090016;3,6191681696894196;87,08890017484143
81,0;-1,4838289744721724;0,9876883405951378;0,15643446504023092;1,4838289744721724;-4,576388971350172;6,523778478021119;7,159364899916129;1,2332348563453026;1073,5399813336467;2281,744;0,0;2,2209231969404404;4,065762483325839;83,06632525279859;2,0727699458511695;3,853704979208527;85,92053531662089;1,9246166947618992;3,641647475091217;89,21416846286564
81,5;-1,5428338242752326;0,9890158633619168;0,14780941112961055;1,5428338242752326;-4,580599055068687;6,551130992213859;7,156228123211954;1,222132943040453;1073,0926816829892;2281,7439999999997;1,992981468939829e-14;2,21114880640237;4,090859782605628;85,0106049290109;2,062796426898082;3,877493281549321;87,97265842563432;1,9144440473937951;3,664126780493015;91,39377750324587
82,0;-1,601801052023011;0,9902680687415704;0,13917310096006547;1,601801052023011;-4,584545623997521;6,578349151401746;7,152374540650989;1,2107661282015663;1072,6681749344946;2281,744;0,0;2,2010341969431364;4,115957081885417;87,00105103327266;2,0524939866319007;3,901281583890114;90,07517728673274;1,9039537763206655;3,6866060858948124;93,62896997526221
82,5;-1,6607267814850413;0,9914448613738104;0,1305261922200517;1,6607267814850413;-4,588232215844098;6,605436836514472;7,147810888847052;1,1991417206041897;1072,2254081263477;2281,744;0,0;2,190586581978;4,141054381165206;89,03860797987824;2,041869852771928;3,925069886230907;92,22919036208172;1,893153123565857;3,7090853912966097;95,92104543082841
83,0;-1,719605029264424;0,992546151641322;0,12186934340514749;1,719605029264424;-4,5916620762854015;6,632396836139705;7,142542798243762;1,1872658883958307;1071,7812200640633;2281,7439999999997;1,992981468939829e-14;2,179812040037153;4,166151680444996;91,12435402338578;2,030930117290954;3,948858188571701;94,43594611906491;1,8820481945447562;3,7315646966984075;98,27147399915685
83,5;-1,7784328687207644;0,9935718556765875;0,11320321376790683;1,7784328687207644;-4,594838496327798;6,659233343505562;7,13657731501903;1,1751461809595058;1071,4023321553732;2281,7440000000006;1,992981468939829e-14;2,1687180366360934;4,191248979724785;93,25928538990004;2,019682258284605;3,972646490912494;96,6966078261547;1,8706464799331173;3,754044002100205;100,68163826627605
84,0;-1,837205692038142;0,9945218953682733;0,10452846326765346;1,837205692038142;-4,5977644769104975;6,685949310250445;7,1299202356045335;1,1627888633948942;1071,031750521845;2281,7440000000006;1,992981468939829e-14;2,1573107587631677;4,216346279004574;95,44454881511346;2,008132474457926;3,9964347932532878;99,0125075952513;1,8589541901526858;3,776523307502003;103,15311305179699
84,5;-1,8959197093556877;0,9953961983671787;0,09584575252022406;1,8959197093556877;-4,600442980413298;6,712548547368573;7,1225782247899;1,1502010345868277;1070,680342384632;2281,744;0,0;2,1455972329540063;4,241443578284363;97,68125690788882;1,9962878031989293;4,020223095594081;101,38494505411086;1,846978373443853;3,7990026129038004;105,68744428881575
85,0;-1,9545716123803978;0,9961946980917455;0,08715574274765814;1,9545716123803978;-4,602876929899515;6,739035986242613;7,114559077345822;1,1373908887953483;1070,352822152417;2281,7440000000006;1,992981468939829e-14;2,1335855868870937;4,266540877564152;99,97045835827215;1,9841563821733317;4,044011397934875;103,81515460516752;1,8347271774595704;3,821481918305598;108,28611279399918
85,5;-2,0131593210852587;0,996917333733128;0,078459095727845;2,0131593210852587;-4,605069156605591;6,765417535666945;7,105871573039904;1,1243675706411365;1070,0880476839122;2281,7439999999997;1,992981468939829e-14;2,1212849043742645;4,291638176843941;102,31314369862478;1,9717473043142948;4,067799700275668;106,30431147921904;1,8222097042543262;3,843961223707396;110,95054069423908
86,0;-2,0716772262157157;0,9975640502598242;0,06975647374412523;2,0716772262157157;-4,60702205056941;6,791695678448096;7,096521061833978;1,1111367602750333;1069,6963526156824;2281,744;0,0;2,1087008105348577;4,31673547612373;104,71066613896826;1,9590662029958836;4,0915880026164615;108,85399361999298;1,8094315954569105;3,8664405291091937;113,68260280283519
86,5;-2,130116226167013;0,9981347984218669;0,06104853953485691;2,130116226167013;-4,608737591381097;6,81786845125118;7,086508451309612;1,0976996607784102;1069,2958056248567;2281,744;0,0;2,095834459200277;4,341832775403519;107,16487203193827;1,9461142394369966;4,1153763049572545;111,46632718477088;1,7963940196737171;3,888919834510991;116,4847907485989
87,0;-2,1884721674854317;0,9986295347545738;0,052335956242943966;2,1884721674854317;-4,610218089569688;6,843939399076112;7,0758401901940235;1,0840629816665803;1068,901180896351;2281,744;0,0;2,082692516421154;4,366930074683308;109,6771386199308;1,9328980862079677;4,1391646072980475;114,14293059901657;1,7831036559947822;3,9113991399127883;119,3590443697814
87,5;-2,246741068056252;0,9990482215818578;0,04361938736533601;2,246741068056252;-4,6114657210295835;6,869911992395926;7,064522668034586;1,0702333385434395;1068,5143808056057;2281,7439999999997;1,992981468939829e-14;2,0692815601252974;4,3920273739630975;112,24890119337627;1,9194243268880182;4,162952909638841;116,88549276585852;1,7695670936507402;3,9338784453145865;122,30739141959977
88,0;-2,304918758463942;0,9993908270190958;0,03489949670250108;2,304918758463942;-4,612482531198729;6,895789647211159;7,0525622373639925;1,056217275249418;1068,134717979923;2281,744;0,0;2,055608102268514;4,417124673242887;114,88165318906198;1,9056994782156491;4,186741211979634;119,69577364316528;1,7557908541627854;3,956357750716384;125,3319489241158
88,5;-2,363000395909498;0,9996573249755573;0,02617694830787314;2,363000395909498;-4,613270397837577;6,921574358131381;7,039963848203461;1,0420198983501177;1067,745227212045;2281,7439999999997;1,992981468939829e-14;2,041677223325675;4,442221972522676;117,57709405636456;1,891728624579341;4,210529514320428;122,57576798346082;1,741780025833008;3,9788370561181816;128,43510644895005
89,0;-2,4209809901615564;0,9998476951563913;0,0174524064372836;2,4209809901615564;-4,613831106665463;6,947268160901937;7,026732514017691;1,0276463430793426;1067,4152764805426;2281,7440000000006;1,992981468939829e-14;2,0274940382357336;4,467319271802465;120,33698681993641;1,877516883962275;4,234317816661221;125,52754933021959;1,7275397296888166;4,001316361519979;131,61935397229564
89,5;-2,478863909922471;0,9999619230641713;0,008726535498373897;2,478863909922471;-4,614166443769029;6,972880211940523;7,012880393295108;1,0131088549100795;1067,2668784847638;2281,7439999999997;1,992981468939829e-14;2,0130707779742507;4,492416571082254;123,16237562213108;1,8630764895146248;4,258106119002015;128,55240474379835;1,7130822010549998;4,023795666921777;134,88631569715258
90,0;-2,5366420243213987;1,0;6,123233995736766e-17;2,5366420243213987;-4,614277906509178;6,998411496991549;6,998411496991549;0,9984114969915492;1066,9118475531166;2281,7440000000006;1,992981468939829e-14;1,9984114969915492;4,517513870362043;126,05523823110525;1,8484114969915488;4,281894421342808;131,6526611261597;1,6984114969915494;4,046274972323574;138,23878839085054
